id,name,iso2,iso3,currency_code,currency_name,currency_symbol,phone_code,phone_format,continent,region,subregion,latitude,longitude,capital,tld,flag_emoji,created_at,updated_at
1,Afghanistan,AF,AFG,AFN  ,Afghan Afghani,Ø‹,+93,## ### ####,Asia,Southern Asia,Central Asia,33.939110,67.709953,Kabul,.af,ğŸ‡¦ğŸ‡«,2025-02-13 11:42:17.398897+03,2025-02-13 11:42:17.398897+03
2,Albania,AL,ALB,ALL  ,Albanian Lek,L,+355,### ### ###,Europe,Southern Europe,Balkans,41.153332,20.168331,Tirana,.al,ğŸ‡¦ğŸ‡±,2025-02-13 11:42:17.398897+03,2025-02-13 11:42:17.398897+03
3,Algeria,DZ,DZA,DZD  ,Algerian Dinar,Ø¯.Ø¬,+213,### ## ## ##,Africa,Northern Africa,Maghreb,36.752887,3.042048,Algiers,.dz,ğŸ‡©ğŸ‡¿,2025-02-13 11:42:17.398897+03,2025-02-13 11:42:17.398897+03
4,Andorra,AD,AND,EUR  ,Euro,â‚¬,+376,### ###,Europe,Southern Europe,Western Europe,42.546245,1.601554,Andorra la Vella,.ad,ğŸ‡¦ğŸ‡©,2025-02-13 11:42:17.398897+03,2025-02-13 11:42:17.398897+03
5,Angola,AO,AGO,AOA  ,Angolan Kwanza,Kz,+244,### ### ###,Africa,Middle Africa,Central Africa,-8.839988,13.289437,Luanda,.ao,ğŸ‡¦ğŸ‡´,2025-02-13 11:42:17.398897+03,2025-02-13 11:42:17.398897+03
6,Antigua and Barbuda,AG,ATG,XCD  ,East Caribbean Dollar,$,+1268,### ####,North America,Caribbean,Lesser Antilles,17.060816,-61.796428,Saint Johns,.ag,ğŸ‡¦ğŸ‡¬,2025-02-13 11:42:17.398897+03,2025-02-13 11:42:17.398897+03
7,Argentina,AR,ARG,ARS  ,Argentine Peso,$,+54,### ### ####,South America,South America,Southern Cone,-34.603684,-58.381559,Buenos Aires,.ar,ğŸ‡¦ğŸ‡·,2025-02-13 11:42:17.398897+03,2025-02-13 11:42:17.398897+03
8,Armenia,AM,ARM,AMD  ,Armenian Dram,Ö,+374,## ### ###,Asia,Western Asia,Caucasus,40.069099,45.038189,Yerevan,.am,ğŸ‡¦ğŸ‡²,2025-02-13 11:42:17.398897+03,2025-02-13 11:42:17.398897+03
9,Australia,AU,AUS,AUD  ,Australian Dollar,$,+61,### ### ###,Oceania,Australasia,Australia and New Zealand,-35.280937,149.130005,Canberra,.au,ğŸ‡¦ğŸ‡º,2025-02-13 11:42:17.398897+03,2025-02-13 11:42:17.398897+03
10,Austria,AT,AUT,EUR  ,Euro,â‚¬,+43,### ### ####,Europe,Western Europe,Central Europe,48.208174,16.373819,Vienna,.at,ğŸ‡¦ğŸ‡¹,2025-02-13 11:42:17.398897+03,2025-02-13 11:42:17.398897+03
11,Azerbaijan,AZ,AZE,AZN  ,Azerbaijani Manat,â‚¼,+994,## ### ## ##,Asia,Western Asia,Caucasus,40.409262,49.867092,Baku,.az,ğŸ‡¦ğŸ‡¿,2025-02-13 11:42:17.398897+03,2025-02-13 11:42:17.398897+03
12,Bahamas,BS,BHS,BSD  ,Bahamian Dollar,$,+1242,### ####,North America,Caribbean,Greater Antilles,25.047984,-77.355413,Nassau,.bs,ğŸ‡§ğŸ‡¸,2025-02-13 11:42:17.398897+03,2025-02-13 11:42:17.398897+03
13,Bahrain,BH,BHR,BHD  ,Bahraini Dinar,.Ø¯.Ø¨,+973,#### ####,Asia,Western Asia,Arabian Peninsula,26.228516,50.586056,Manama,.bh,ğŸ‡§ğŸ‡­,2025-02-13 11:42:17.398897+03,2025-02-13 11:42:17.398897+03
14,Bangladesh,BD,BGD,BDT  ,Bangladeshi Taka,à§³,+880,## ### ####,Asia,Southern Asia,South Asia,23.810332,90.412518,Dhaka,.bd,ğŸ‡§ğŸ‡©,2025-02-13 11:42:17.398897+03,2025-02-13 11:42:17.398897+03
15,Barbados,BB,BRB,BBD  ,Barbadian Dollar,$,+1246,### ####,North America,Caribbean,Lesser Antilles,13.106725,-59.613220,Bridgetown,.bb,ğŸ‡§ğŸ‡§,2025-02-13 11:42:17.398897+03,2025-02-13 11:42:17.398897+03
16,Belarus,BY,BLR,BYN  ,Belarusian Ruble,Br,+375,## ### ## ##,Europe,Eastern Europe,Eastern Europe,53.904540,27.561524,Minsk,.by,ğŸ‡§ğŸ‡¾,2025-02-13 11:42:17.398897+03,2025-02-13 11:42:17.398897+03
17,Belgium,BE,BEL,EUR  ,Euro,â‚¬,+32,### ### ###,Europe,Western Europe,Benelux,50.850346,4.351721,Brussels,.be,ğŸ‡§ğŸ‡ª,2025-02-13 11:42:17.398897+03,2025-02-13 11:42:17.398897+03
18,Belize,BZ,BLZ,BZD  ,Belize Dollar,$,+501,### ####,North America,Central America,Central America,17.251011,-88.767303,Belmopan,.bz,ğŸ‡§ğŸ‡¿,2025-02-13 11:42:17.398897+03,2025-02-13 11:42:17.398897+03
19,Benin,BJ,BEN,XOF  ,West African CFA Franc,CFA,+229,## ## ## ##,Africa,Western Africa,West Africa,6.496857,2.628852,Porto-Novo,.bj,ğŸ‡§ğŸ‡¯,2025-02-13 11:42:17.398897+03,2025-02-13 11:42:17.398897+03
20,Bhutan,BT,BTN,BTN  ,Bhutanese Ngultrum,Nu.,+975,## ### ###,Asia,Southern Asia,South Asia,27.472792,89.639286,Thimphu,.bt,ğŸ‡§ğŸ‡¹,2025-02-13 11:42:17.398897+03,2025-02-13 11:42:17.398897+03
21,Bolivia,BO,BOL,BOB  ,Bolivian Boliviano,Bs.,+591,# ### ####,South America,South America,Central South America,-16.489689,-68.119294,La Paz,.bo,ğŸ‡§ğŸ‡´,2025-02-13 11:42:17.398897+03,2025-02-13 11:42:17.398897+03
22,Bosnia and Herzegovina,BA,BIH,BAM  ,Bosnia and Herzegovina Convertible Mark,KM,+387,## ### ###,Europe,Southern Europe,Balkans,43.856430,18.413029,Sarajevo,.ba,ğŸ‡§ğŸ‡¦,2025-02-13 11:42:17.398897+03,2025-02-13 11:42:17.398897+03
23,Botswana,BW,BWA,BWP  ,Botswana Pula,P,+267,## ### ###,Africa,Southern Africa,Southern Africa,-24.628208,25.923147,Gaborone,.bw,ğŸ‡§ğŸ‡¼,2025-02-13 11:42:17.398897+03,2025-02-13 11:42:17.398897+03
24,Brazil,BR,BRA,BRL  ,Brazilian Real,R$,+55,## #### ####,South America,South America,Eastern South America,-15.794229,-47.882166,BrasÃ­lia,.br,ğŸ‡§ğŸ‡·,2025-02-13 11:42:17.398897+03,2025-02-13 11:42:17.398897+03
25,Brunei,BN,BRN,BND  ,Brunei Dollar,$,+673,### ####,Asia,South-Eastern Asia,Maritime Southeast Asia,4.903052,114.939821,Bandar Seri Begawan,.bn,ğŸ‡§ğŸ‡³,2025-02-13 11:42:17.398897+03,2025-02-13 11:42:17.398897+03
26,Bulgaria,BG,BGR,BGN  ,Bulgarian Lev,Ğ»Ğ²,+359,### ### ###,Europe,Eastern Europe,Balkans,42.697708,23.321868,Sofia,.bg,ğŸ‡§ğŸ‡¬,2025-02-13 11:42:17.398897+03,2025-02-13 11:42:17.398897+03
27,Burkina Faso,BF,BFA,XOF  ,West African CFA Franc,CFA,+226,## ## ## ##,Africa,Western Africa,West Africa,12.371428,-1.519308,Ouagadougou,.bf,ğŸ‡§ğŸ‡«,2025-02-13 11:42:17.398897+03,2025-02-13 11:42:17.398897+03
28,Burundi,BI,BDI,BIF  ,Burundian Franc,FBu,+257,## ## ## ##,Africa,Eastern Africa,East Africa,-3.361378,29.359878,Gitega,.bi,ğŸ‡§ğŸ‡®,2025-02-13 11:42:17.398897+03,2025-02-13 11:42:17.398897+03
29,Cambodia,KH,KHM,KHR  ,Cambodian Riel,áŸ›,+855,## ### ###,Asia,South-Eastern Asia,Mainland Southeast Asia,11.544873,104.892167,Phnom Penh,.kh,ğŸ‡°ğŸ‡­,2025-02-13 11:42:17.398897+03,2025-02-13 11:42:17.398897+03
30,Cameroon,CM,CMR,XAF  ,Central African CFA Franc,FCFA,+237,#### ## ## ##,Africa,Middle Africa,Central Africa,3.848033,11.502075,YaoundÃ©,.cm,ğŸ‡¨ğŸ‡²,2025-02-13 11:42:17.398897+03,2025-02-13 11:42:17.398897+03
31,Canada,CA,CAN,CAD  ,Canadian Dollar,$,+1,### ### ####,North America,Northern America,North America,45.421530,-75.697193,Ottawa,.ca,ğŸ‡¨ğŸ‡¦,2025-02-13 11:42:17.398897+03,2025-02-13 11:42:17.398897+03
32,Cape Verde,CV,CPV,CVE  ,Cape Verdean Escudo,$,+238,### ## ##,Africa,Western Africa,West Africa,14.933220,-23.513327,Praia,.cv,ğŸ‡¨ğŸ‡»,2025-02-13 11:42:17.398897+03,2025-02-13 11:42:17.398897+03
33,Central African Republic,CF,CAF,XAF  ,Central African CFA Franc,FCFA,+236,## ## ## ##,Africa,Middle Africa,Central Africa,4.394674,18.558190,Bangui,.cf,ğŸ‡¨ğŸ‡«,2025-02-13 11:42:17.398897+03,2025-02-13 11:42:17.398897+03
34,Chad,TD,TCD,XAF  ,Central African CFA Franc,FCFA,+235,## ## ## ##,Africa,Middle Africa,Central Africa,12.134846,15.055742,NDjamena,.td,ğŸ‡¹ğŸ‡©,2025-02-13 11:42:17.398897+03,2025-02-13 11:42:17.398897+03
35,Chile,CL,CHL,CLP  ,Chilean Peso,$,+56,# #### ####,South America,South America,Southern Cone,-33.448890,-70.669265,Santiago,.cl,ğŸ‡¨ğŸ‡±,2025-02-13 11:42:17.398897+03,2025-02-13 11:42:17.398897+03
36,China,CN,CHN,CNY  ,Chinese Yuan,Â¥,+86,### #### ####,Asia,Eastern Asia,East Asia,39.904200,116.407396,Beijing,.cn,ğŸ‡¨ğŸ‡³,2025-02-13 11:42:17.398897+03,2025-02-13 11:42:17.398897+03
37,Colombia,CO,COL,COP  ,Colombian Peso,$,+57,### ### ####,South America,South America,Northern South America,4.710989,-74.072092,BogotÃ¡,.co,ğŸ‡¨ğŸ‡´,2025-02-13 11:42:17.398897+03,2025-02-13 11:42:17.398897+03
38,Comoros,KM,COM,KMF  ,Comorian Franc,CF,+269,### ####,Africa,Eastern Africa,East Africa,-11.717216,43.247315,Moroni,.km,ğŸ‡°ğŸ‡²,2025-02-13 11:42:17.398897+03,2025-02-13 11:42:17.398897+03
39,Costa Rica,CR,CRI,CRC  ,Costa Rican ColÃ³n,â‚¡,+506,#### ####,North America,Central America,Central America,9.932737,-84.078720,San JosÃ©,.cr,ğŸ‡¨ğŸ‡·,2025-02-13 11:42:17.398897+03,2025-02-13 11:42:17.398897+03
40,Croatia,HR,HRV,EUR  ,Euro,â‚¬,+385,## ### ####,Europe,Southern Europe,Balkans,45.815011,15.981919,Zagreb,.hr,ğŸ‡­ğŸ‡·,2025-02-13 11:42:17.398897+03,2025-02-13 11:42:17.398897+03
41,Cuba,CU,CUB,CUP  ,Cuban Peso,â‚±,+53,# ### ####,North America,Caribbean,Greater Antilles,23.113592,-82.366596,Havana,.cu,ğŸ‡¨ğŸ‡º,2025-02-13 11:42:17.398897+03,2025-02-13 11:42:17.398897+03
42,Cyprus,CY,CYP,EUR  ,Euro,â‚¬,+357,## ### ###,Europe,Southern Europe,Mediterranean,35.185566,33.382275,Nicosia,.cy,ğŸ‡¨ğŸ‡¾,2025-02-13 11:42:17.398897+03,2025-02-13 11:42:17.398897+03
43,Czech Republic,CZ,CZE,CZK  ,Czech Koruna,KÄ,+420,### ### ###,Europe,Eastern Europe,Central Europe,50.075538,14.437800,Prague,.cz,ğŸ‡¨ğŸ‡¿,2025-02-13 11:42:17.398897+03,2025-02-13 11:42:17.398897+03
44,DR Congo,CD,COD,CDF  ,Congolese Franc,FC,+243,### ### ###,Africa,Middle Africa,Central Africa,-4.441931,15.266293,Kinshasa,.cd,ğŸ‡¨ğŸ‡©,2025-02-13 11:42:17.398897+03,2025-02-13 11:42:17.398897+03
45,Denmark,DK,DNK,DKK  ,Danish Krone,kr,+45,## ## ## ##,Europe,Northern Europe,Scandinavia,55.676097,12.568337,Copenhagen,.dk,ğŸ‡©ğŸ‡°,2025-02-13 11:42:17.398897+03,2025-02-13 11:42:17.398897+03
46,Djibouti,DJ,DJI,DJF  ,Djiboutian Franc,Fdj,+253,## ## ## ##,Africa,Eastern Africa,Horn of Africa,11.825138,42.590275,Djibouti,.dj,ğŸ‡©ğŸ‡¯,2025-02-13 11:42:17.398897+03,2025-02-13 11:42:17.398897+03
47,Dominica,DM,DMA,XCD  ,East Caribbean Dollar,$,+1767,### ####,North America,Caribbean,Lesser Antilles,15.414999,-61.370976,Roseau,.dm,ğŸ‡©ğŸ‡²,2025-02-13 11:42:17.398897+03,2025-02-13 11:42:17.398897+03
48,Dominican Republic,DO,DOM,DOP  ,Dominican Peso,RD$,+1809,### ###-####,North America,Caribbean,Greater Antilles,18.486058,-69.931212,Santo Domingo,.do,ğŸ‡©ğŸ‡´,2025-02-13 11:42:17.398897+03,2025-02-13 11:42:17.398897+03
49,Ecuador,EC,ECU,USD  ,United States Dollar,$,+593,## ### ####,South America,South America,Northern South America,-0.180653,-78.467838,Quito,.ec,ğŸ‡ªğŸ‡¨,2025-02-13 11:42:17.398897+03,2025-02-13 11:42:17.398897+03
50,Egypt,EG,EGY,EGP  ,Egyptian Pound,EÂ£,+20,### ### ####,Africa,Northern Africa,North Africa,30.044420,31.235712,Cairo,.eg,ğŸ‡ªğŸ‡¬,2025-02-13 11:42:17.398897+03,2025-02-13 11:42:17.398897+03
51,El Salvador,SV,SLV,USD  ,United States Dollar,$,+503,#### ####,North America,Central America,Central America,13.794185,-88.896530,San Salvador,.sv,ğŸ‡¸ğŸ‡»,2025-02-13 11:42:17.398897+03,2025-02-13 11:42:17.398897+03
52,Equatorial Guinea,GQ,GNQ,XAF  ,Central African CFA Franc,FCFA,+240,## ### ####,Africa,Middle Africa,Central Africa,3.750412,8.737104,Malabo,.gq,ğŸ‡¬ğŸ‡¶,2025-02-13 11:42:17.398897+03,2025-02-13 11:42:17.398897+03
53,Eritrea,ER,ERI,ERN  ,Eritrean Nakfa,Nfk,+291,# ### ###,Africa,Eastern Africa,Horn of Africa,15.322877,38.925052,Asmara,.er,ğŸ‡ªğŸ‡·,2025-02-13 11:42:17.398897+03,2025-02-13 11:42:17.398897+03
54,Estonia,EE,EST,EUR  ,Euro,â‚¬,+372,### ####,Europe,Northern Europe,Baltic States,59.436961,24.753575,Tallinn,.ee,ğŸ‡ªğŸ‡ª,2025-02-13 11:42:17.398897+03,2025-02-13 11:42:17.398897+03
55,Ethiopia,ET,ETH,ETB  ,Ethiopian Birr,Br,+251,## ### ####,Africa,Eastern Africa,Horn of Africa,9.145000,38.736946,Addis Ababa,.et,ğŸ‡ªğŸ‡¹,2025-02-13 11:42:17.398897+03,2025-02-13 11:42:17.398897+03
56,Fiji,FJ,FJI,FJD  ,Fijian Dollar,$,+679,### ####,Oceania,Melanesia,South Pacific,-18.124779,178.450806,Suva,.fj,ğŸ‡«ğŸ‡¯,2025-02-13 11:42:17.398897+03,2025-02-13 11:42:17.398897+03
57,Finland,FI,FIN,EUR  ,Euro,â‚¬,+358,### ### ###,Europe,Northern Europe,Nordic Countries,60.173324,24.941025,Helsinki,.fi,ğŸ‡«ğŸ‡®,2025-02-13 11:42:17.398897+03,2025-02-13 11:42:17.398897+03
58,France,FR,FRA,EUR  ,Euro,â‚¬,+33,# ## ## ## ##,Europe,Western Europe,Western Europe,48.856614,2.352222,Paris,.fr,ğŸ‡«ğŸ‡·,2025-02-13 11:42:17.398897+03,2025-02-13 11:42:17.398897+03
59,Gabon,GA,GAB,XAF  ,Central African CFA Franc,FCFA,+241,# ## ## ##,Africa,Middle Africa,Central Africa,0.416198,9.467268,Libreville,.ga,ğŸ‡¬ğŸ‡¦,2025-02-13 11:42:17.398897+03,2025-02-13 11:42:17.398897+03
60,Gambia,GM,GMB,GMD  ,Gambian Dalasi,D,+220,### ####,Africa,Western Africa,West Africa,13.454876,-16.579032,Banjul,.gm,ğŸ‡¬ğŸ‡²,2025-02-13 11:42:17.398897+03,2025-02-13 11:42:17.398897+03
61,Georgia,GE,GEO,GEL  ,Georgian Lari,â‚¾,+995,### ### ###,Asia,Western Asia,Caucasus,41.715138,44.827096,Tbilisi,.ge,ğŸ‡¬ğŸ‡ª,2025-02-13 11:42:17.398897+03,2025-02-13 11:42:17.398897+03
62,Germany,DE,DEU,EUR  ,Euro,â‚¬,+49,### ### ####,Europe,Western Europe,Central Europe,52.520007,13.404954,Berlin,.de,ğŸ‡©ğŸ‡ª,2025-02-13 11:42:17.398897+03,2025-02-13 11:42:17.398897+03
63,Ghana,GH,GHA,GHS  ,Ghanaian Cedi,â‚µ,+233,### ### ###,Africa,Western Africa,West Africa,5.603717,-0.186964,Accra,.gh,ğŸ‡¬ğŸ‡­,2025-02-13 11:42:17.398897+03,2025-02-13 11:42:17.398897+03
64,Greece,GR,GRC,EUR  ,Euro,â‚¬,+30,### ### ####,Europe,Southern Europe,Mediterranean,37.983810,23.727539,Athens,.gr,ğŸ‡¬ğŸ‡·,2025-02-13 11:42:17.398897+03,2025-02-13 11:42:17.398897+03
65,Grenada,GD,GRD,XCD  ,East Caribbean Dollar,$,+1473,### ####,North America,Caribbean,Lesser Antilles,12.056098,-61.749421,St. George's,.gd,ğŸ‡¬ğŸ‡©,2025-02-13 11:42:17.398897+03,2025-02-13 11:42:17.398897+03
66,Guatemala,GT,GTM,GTQ  ,Guatemalan Quetzal,Q,+502,#### ####,North America,Central America,Central America,14.634915,-90.506882,Guatemala City,.gt,ğŸ‡¬ğŸ‡¹,2025-02-13 11:42:17.398897+03,2025-02-13 11:42:17.398897+03
67,Guinea,GN,GIN,GNF  ,Guinean Franc,FG,+224,## ### ###,Africa,Western Africa,West Africa,9.641185,-13.578401,Conakry,.gn,ğŸ‡¬ğŸ‡³,2025-02-13 11:42:17.398897+03,2025-02-13 11:42:17.398897+03
68,Guinea-Bissau,GW,GNB,XOF  ,West African CFA Franc,CFA,+245,### ####,Africa,Western Africa,West Africa,11.881655,-15.617794,Bissau,.gw,ğŸ‡¬ğŸ‡¼,2025-02-13 11:42:17.398897+03,2025-02-13 11:42:17.398897+03
69,Guyana,GY,GUY,GYD  ,Guyanese Dollar,$,+592,### ####,South America,South America,Northern South America,6.801279,-58.155125,Georgetown,.gy,ğŸ‡¬ğŸ‡¾,2025-02-13 11:42:17.398897+03,2025-02-13 11:42:17.398897+03
70,Haiti,HT,HTI,HTG  ,Haitian Gourde,G,+509,#### ####,North America,Caribbean,Greater Antilles,18.594395,-72.307433,Port-au-Prince,.ht,ğŸ‡­ğŸ‡¹,2025-02-13 11:42:17.398897+03,2025-02-13 11:42:17.398897+03
71,Honduras,HN,HND,HNL  ,Honduran Lempira,L,+504,#### ####,North America,Central America,Central America,14.072275,-87.192136,Tegucigalpa,.hn,ğŸ‡­ğŸ‡³,2025-02-13 11:42:17.398897+03,2025-02-13 11:42:17.398897+03
72,Hungary,HU,HUN,HUF  ,Hungarian Forint,Ft,+36,### ### ###,Europe,Eastern Europe,Central Europe,47.497912,19.040235,Budapest,.hu,ğŸ‡­ğŸ‡º,2025-02-13 11:42:17.398897+03,2025-02-13 11:42:17.398897+03
73,Iceland,IS,ISL,ISK  ,Icelandic KrÃ³na,kr,+354,### ####,Europe,Northern Europe,Nordic Countries,64.126521,-21.817439,Reykjavik,.is,ğŸ‡®ğŸ‡¸,2025-02-13 11:42:17.398897+03,2025-02-13 11:42:17.398897+03
74,India,IN,IND,INR  ,Indian Rupee,â‚¹,+91,### ### ####,Asia,Southern Asia,South Asia,28.613939,77.209021,New Delhi,.in,ğŸ‡®ğŸ‡³,2025-02-13 11:42:17.398897+03,2025-02-13 11:42:17.398897+03
75,Indonesia,ID,IDN,IDR  ,Indonesian Rupiah,Rp,+62,### ### ###,Asia,South-Eastern Asia,Maritime Southeast Asia,-6.208763,106.845599,Jakarta,.id,ğŸ‡®ğŸ‡©,2025-02-13 11:42:17.398897+03,2025-02-13 11:42:17.398897+03
76,Iran,IR,IRN,IRR  ,Iranian Rial,ï·¼,+98,### ### ####,Asia,Southern Asia,Middle East,35.689198,51.388974,Tehran,.ir,ğŸ‡®ğŸ‡·,2025-02-13 11:42:17.398897+03,2025-02-13 11:42:17.398897+03
77,Iraq,IQ,IRQ,IQD  ,Iraqi Dinar,Ø¹.Ø¯,+964,### ### ####,Asia,Western Asia,Middle East,33.312806,44.361488,Baghdad,.iq,ğŸ‡®ğŸ‡¶,2025-02-13 11:42:17.398897+03,2025-02-13 11:42:17.398897+03
78,Ireland,IE,IRL,EUR  ,Euro,â‚¬,+353,### ### ###,Europe,Northern Europe,British Isles,53.349805,-6.260310,Dublin,.ie,ğŸ‡®ğŸ‡ª,2025-02-13 11:42:17.398897+03,2025-02-13 11:42:17.398897+03
79,Israel,IL,ISR,ILS  ,Israeli New Shekel,â‚ª,+972,### ### ###,Asia,Western Asia,Middle East,31.768319,35.213710,Jerusalem,.il,ğŸ‡®ğŸ‡±,2025-02-13 11:42:17.398897+03,2025-02-13 11:42:17.398897+03
80,Italy,IT,ITA,EUR  ,Euro,â‚¬,+39,### ### ####,Europe,Southern Europe,Mediterranean,41.902784,12.496366,Rome,.it,ğŸ‡®ğŸ‡¹,2025-02-13 11:42:17.398897+03,2025-02-13 11:42:17.398897+03
81,Jamaica,JM,JAM,JMD  ,Jamaican Dollar,$,+1876,### ####,North America,Caribbean,Greater Antilles,18.042327,-76.802893,Kingston,.jm,ğŸ‡¯ğŸ‡²,2025-02-13 11:42:17.398897+03,2025-02-13 11:42:17.398897+03
82,Japan,JP,JPN,JPY  ,Japanese Yen,Â¥,+81,### ### ####,Asia,Eastern Asia,East Asia,35.689487,139.691706,Tokyo,.jp,ğŸ‡¯ğŸ‡µ,2025-02-13 11:42:17.398897+03,2025-02-13 11:42:17.398897+03
83,Jordan,JO,JOR,JOD  ,Jordanian Dinar,Ø¯.Ø§,+962,# #### ####,Asia,Western Asia,Middle East,31.956578,35.945695,Amman,.jo,ğŸ‡¯ğŸ‡´,2025-02-13 11:42:17.398897+03,2025-02-13 11:42:17.398897+03
84,Kazakhstan,KZ,KAZ,KZT  ,Kazakhstani Tenge,â‚¸,+7,### ### ####,Asia,Central Asia,Central Asia,51.160523,71.470356,Nur-Sultan,.kz,ğŸ‡°ğŸ‡¿,2025-02-13 11:42:17.398897+03,2025-02-13 11:42:17.398897+03
85,Kenya,KE,KEN,KES  ,Kenyan Shilling,KSh,+254,### ### ###,Africa,Eastern Africa,East Africa,-1.292066,36.821946,Nairobi,.ke,ğŸ‡°ğŸ‡ª,2025-02-13 11:42:17.398897+03,2025-02-13 11:42:17.398897+03
86,Kiribati,KI,KIR,AUD  ,Australian Dollar,$,+686,#### ####,Oceania,Micronesia,Pacific Islands,1.451817,172.971662,Tarawa,.ki,ğŸ‡°ğŸ‡®,2025-02-13 11:42:17.398897+03,2025-02-13 11:42:17.398897+03
87,Kuwait,KW,KWT,KWD  ,Kuwaiti Dinar,Ø¯.Ùƒ,+965,#### ####,Asia,Western Asia,Middle East,29.375859,47.977405,Kuwait City,.kw,ğŸ‡°ğŸ‡¼,2025-02-13 11:42:17.398897+03,2025-02-13 11:42:17.398897+03
88,Kyrgyzstan,KG,KGZ,KGS  ,Kyrgyzstani Som,Ñ,+996,### ### ###,Asia,Central Asia,Central Asia,42.874621,74.569762,Bishkek,.kg,ğŸ‡°ğŸ‡¬,2025-02-13 11:42:17.398897+03,2025-02-13 11:42:17.398897+03
89,Laos,LA,LAO,LAK  ,Lao Kip,â‚­,+856,## ### ###,Asia,South-Eastern Asia,Mainland Southeast Asia,17.975706,102.633104,Vientiane,.la,ğŸ‡±ğŸ‡¦,2025-02-13 11:42:17.398897+03,2025-02-13 11:42:17.398897+03
90,Latvia,LV,LVA,EUR  ,Euro,â‚¬,+371,#### ####,Europe,Northern Europe,Baltic States,56.949649,24.105186,Riga,.lv,ğŸ‡±ğŸ‡»,2025-02-13 11:42:17.398897+03,2025-02-13 11:42:17.398897+03
91,Lebanon,LB,LBN,LBP  ,Lebanese Pound,Ù„.Ù„,+961,## ### ###,Asia,Western Asia,Middle East,33.888629,35.495479,Beirut,.lb,ğŸ‡±ğŸ‡§,2025-02-13 11:42:17.398897+03,2025-02-13 11:42:17.398897+03
92,Lesotho,LS,LSO,LSL  ,Lesotho Loti,L,+266,#### ####,Africa,Southern Africa,Southern Africa,-29.363219,27.514339,Maseru,.ls,ğŸ‡±ğŸ‡¸,2025-02-13 11:42:17.398897+03,2025-02-13 11:42:17.398897+03
93,Liberia,LR,LBR,LRD  ,Liberian Dollar,$,+231,## ### ###,Africa,Western Africa,West Africa,6.290743,-10.760524,Monrovia,.lr,ğŸ‡±ğŸ‡·,2025-02-13 11:42:17.398897+03,2025-02-13 11:42:17.398897+03
94,Libya,LY,LBY,LYD  ,Libyan Dinar,Ù„.Ø¯,+218,## ### ###,Africa,Northern Africa,North Africa,32.887209,13.191338,Tripoli,.ly,ğŸ‡±ğŸ‡¾,2025-02-13 11:42:17.398897+03,2025-02-13 11:42:17.398897+03
95,Liechtenstein,LI,LIE,CHF  ,Swiss Franc,Fr,+423,### ####,Europe,Western Europe,Central Europe,47.166000,9.555373,Vaduz,.li,ğŸ‡±ğŸ‡®,2025-02-13 11:42:17.398897+03,2025-02-13 11:42:17.398897+03
96,Lithuania,LT,LTU,EUR  ,Euro,â‚¬,+370,### ####,Europe,Northern Europe,Baltic States,54.687156,25.279651,Vilnius,.lt,ğŸ‡±ğŸ‡¹,2025-02-13 11:42:17.398897+03,2025-02-13 11:42:17.398897+03
97,Luxembourg,LU,LUX,EUR  ,Euro,â‚¬,+352,### ###,Europe,Western Europe,Benelux,49.611621,6.131935,Luxembourg City,.lu,ğŸ‡±ğŸ‡º,2025-02-13 11:42:17.398897+03,2025-02-13 11:42:17.398897+03
98,Madagascar,MG,MDG,MGA  ,Malagasy Ariary,Ar,+261,## ## ### ##,Africa,Eastern Africa,East Africa,-18.879190,47.507905,Antananarivo,.mg,ğŸ‡²ğŸ‡¬,2025-02-13 11:42:17.398897+03,2025-02-13 11:42:17.398897+03
99,Malawi,MW,MWI,MWK  ,Malawian Kwacha,MK,+265,### ### ###,Africa,Eastern Africa,East Africa,-13.962612,33.774119,Lilongwe,.mw,ğŸ‡²ğŸ‡¼,2025-02-13 11:42:17.398897+03,2025-02-13 11:42:17.398897+03
100,Malaysia,MY,MYS,MYR  ,Malaysian Ringgit,RM,+60,## ### ####,Asia,South-Eastern Asia,Maritime Southeast Asia,3.139003,101.686855,Kuala Lumpur,.my,ğŸ‡²ğŸ‡¾,2025-02-13 11:42:17.398897+03,2025-02-13 11:42:17.398897+03
101,Maldives,MV,MDV,MVR  ,Maldivian Rufiyaa,.Şƒ,+960,### ####,Asia,Southern Asia,South Asia,4.175496,73.509347,Male,.mv,ğŸ‡²ğŸ‡»,2025-02-13 11:42:17.398897+03,2025-02-13 11:42:17.398897+03
102,Mali,ML,MLI,XOF  ,West African CFA Franc,CFA,+223,## ## ## ##,Africa,Western Africa,West Africa,12.639232,-8.002889,Bamako,.ml,ğŸ‡²ğŸ‡±,2025-02-13 11:42:17.398897+03,2025-02-13 11:42:17.398897+03
103,Malta,MT,MLT,EUR  ,Euro,â‚¬,+356,#### ####,Europe,Southern Europe,Mediterranean,35.898909,14.514553,Valletta,.mt,ğŸ‡²ğŸ‡¹,2025-02-13 11:42:17.398897+03,2025-02-13 11:42:17.398897+03
104,Marshall Islands,MH,MHL,USD  ,United States Dollar,$,+692,### ####,Oceania,Micronesia,Pacific Islands,7.116421,171.185013,Majuro,.mh,ğŸ‡²ğŸ‡­,2025-02-13 11:42:17.398897+03,2025-02-13 11:42:17.398897+03
105,Mauritania,MR,MRT,MRU  ,Mauritanian Ouguiya,UM,+222,## ## ## ##,Africa,Western Africa,West Africa,18.073666,-15.958670,Nouakchott,.mr,ğŸ‡²ğŸ‡·,2025-02-13 11:42:17.398897+03,2025-02-13 11:42:17.398897+03
106,Mauritius,MU,MUS,MUR  ,Mauritian Rupee,â‚¨,+230,#### ####,Africa,Eastern Africa,East Africa,-20.166896,57.502332,Port Louis,.mu,ğŸ‡²ğŸ‡º,2025-02-13 11:42:17.398897+03,2025-02-13 11:42:17.398897+03
107,Mexico,MX,MEX,MXN  ,Mexican Peso,$,+52,## #### ####,North America,Central America,North America,19.432608,-99.133208,Mexico City,.mx,ğŸ‡²ğŸ‡½,2025-02-13 11:42:17.398897+03,2025-02-13 11:42:17.398897+03
108,Micronesia,FM,FSM,USD  ,United States Dollar,$,+691,### ####,Oceania,Micronesia,Pacific Islands,6.914712,158.161027,Palikir,.fm,ğŸ‡«ğŸ‡²,2025-02-13 11:42:17.398897+03,2025-02-13 11:42:17.398897+03
109,Moldova,MD,MDA,MDL  ,Moldovan Leu,L,+373,### ### ###,Europe,Eastern Europe,Eastern Europe,47.010453,28.863337,Chisinau,.md,ğŸ‡²ğŸ‡©,2025-02-13 11:42:17.398897+03,2025-02-13 11:42:17.398897+03
110,Monaco,MC,MCO,EUR  ,Euro,â‚¬,+377,## ## ## ##,Europe,Western Europe,Western Europe,43.738418,7.424616,Monaco,.mc,ğŸ‡²ğŸ‡¨,2025-02-13 11:42:17.398897+03,2025-02-13 11:42:17.398897+03
111,Mongolia,MN,MNG,MNT  ,Mongolian TÃ¶grÃ¶g,â‚®,+976,## ## ####,Asia,Eastern Asia,East Asia,47.886399,106.905744,Ulaanbaatar,.mn,ğŸ‡²ğŸ‡³,2025-02-13 11:42:17.398897+03,2025-02-13 11:42:17.398897+03
112,Montenegro,ME,MNE,EUR  ,Euro,â‚¬,+382,## ### ###,Europe,Southern Europe,Balkans,42.430420,19.259364,Podgorica,.me,ğŸ‡²ğŸ‡ª,2025-02-13 11:42:17.398897+03,2025-02-13 11:42:17.398897+03
113,Morocco,MA,MAR,MAD  ,Moroccan Dirham,Ø¯.Ù….,+212,### ### ###,Africa,Northern Africa,Maghreb,34.015289,-6.831650,Rabat,.ma,ğŸ‡²ğŸ‡¦,2025-02-13 11:42:17.398897+03,2025-02-13 11:42:17.398897+03
114,Mozambique,MZ,MOZ,MZN  ,Mozambican Metical,MT,+258,## ### ###,Africa,Eastern Africa,East Africa,-25.891968,32.605135,Maputo,.mz,ğŸ‡²ğŸ‡¿,2025-02-13 11:42:17.398897+03,2025-02-13 11:42:17.398897+03
115,Myanmar,MM,MMR,MMK  ,Myanmar Kyat,Ks,+95,## ### ###,Asia,South-Eastern Asia,Mainland Southeast Asia,16.866069,96.195132,Naypyidaw,.mm,ğŸ‡²ğŸ‡²,2025-02-13 11:42:17.398897+03,2025-02-13 11:42:17.398897+03
116,Namibia,NA,NAM,NAD  ,Namibian Dollar,$,+264,## ### ####,Africa,Southern Africa,Southern Africa,-22.560881,17.065755,Windhoek,.na,ğŸ‡³ğŸ‡¦,2025-02-13 11:42:17.398897+03,2025-02-13 11:42:17.398897+03
117,Nauru,NR,NRU,AUD  ,Australian Dollar,$,+674,### ####,Oceania,Micronesia,Pacific Islands,-0.522778,166.931503,Yaren,.nr,ğŸ‡³ğŸ‡·,2025-02-13 11:42:17.398897+03,2025-02-13 11:42:17.398897+03
118,Nepal,NP,NPL,NPR  ,Nepalese Rupee,â‚¨,+977,## #### ###,Asia,Southern Asia,South Asia,27.717245,85.323960,Kathmandu,.np,ğŸ‡³ğŸ‡µ,2025-02-13 11:42:17.398897+03,2025-02-13 11:42:17.398897+03
119,Netherlands,NL,NLD,EUR  ,Euro,â‚¬,+31,## ### ####,Europe,Western Europe,Benelux,52.370216,4.895168,Amsterdam,.nl,ğŸ‡³ğŸ‡±,2025-02-13 11:42:17.398897+03,2025-02-13 11:42:17.398897+03
120,New Zealand,NZ,NZL,NZD  ,New Zealand Dollar,$,+64,### ### ###,Oceania,Australasia,Australia and New Zealand,-41.286461,174.776230,Wellington,.nz,ğŸ‡³ğŸ‡¿,2025-02-13 11:42:17.398897+03,2025-02-13 11:42:17.398897+03
121,Nicaragua,NI,NIC,NIO  ,Nicaraguan CÃ³rdoba,C$,+505,#### ####,North America,Central America,Central America,12.114993,-86.236174,Managua,.ni,ğŸ‡³ğŸ‡®,2025-02-13 11:42:17.398897+03,2025-02-13 11:42:17.398897+03
122,Niger,NE,NER,XOF  ,West African CFA Franc,CFA,+227,## ## ## ##,Africa,Western Africa,West Africa,13.511596,2.125385,Niamey,.ne,ğŸ‡³ğŸ‡ª,2025-02-13 11:42:17.398897+03,2025-02-13 11:42:17.398897+03
123,Nigeria,NG,NGA,NGN  ,Nigerian Naira,â‚¦,+234,### ### ####,Africa,Western Africa,West Africa,9.076479,7.398574,Abuja,.ng,ğŸ‡³ğŸ‡¬,2025-02-13 11:42:17.398897+03,2025-02-13 11:42:17.398897+03
124,North Korea,KP,PRK,KPW  ,North Korean Won,â‚©,+850,### ###,Asia,Eastern Asia,East Asia,39.039219,125.762524,Pyongyang,.kp,ğŸ‡°ğŸ‡µ,2025-02-13 11:42:17.398897+03,2025-02-13 11:42:17.398897+03
125,North Macedonia,MK,MKD,MKD  ,Macedonian Denar,Ğ´ĞµĞ½,+389,## ### ###,Europe,Southern Europe,Balkans,41.997346,21.427996,Skopje,.mk,ğŸ‡²ğŸ‡°,2025-02-13 11:42:17.398897+03,2025-02-13 11:42:17.398897+03
126,Norway,NO,NOR,NOK  ,Norwegian Krone,kr,+47,### ## ###,Europe,Northern Europe,Nordic Countries,59.913869,10.752245,Oslo,.no,ğŸ‡³ğŸ‡´,2025-02-13 11:42:17.398897+03,2025-02-13 11:42:17.398897+03
127,Oman,OM,OMN,OMR  ,Omani Rial,Ø±.Ø¹.,+968,#### ####,Asia,Western Asia,Middle East,23.585890,58.405923,Muscat,.om,ğŸ‡´ğŸ‡²,2025-02-13 11:42:17.398897+03,2025-02-13 11:42:17.398897+03
128,Pakistan,PK,PAK,PKR  ,Pakistani Rupee,â‚¨,+92,### ### ####,Asia,Southern Asia,South Asia,33.729388,73.093146,Islamabad,.pk,ğŸ‡µğŸ‡°,2025-02-13 11:42:17.398897+03,2025-02-13 11:42:17.398897+03
129,Palau,PW,PLW,USD  ,United States Dollar,$,+680,### ####,Oceania,Micronesia,Pacific Islands,7.500384,134.624289,Ngerulmud,.pw,ğŸ‡µğŸ‡¼,2025-02-13 11:42:17.398897+03,2025-02-13 11:42:17.398897+03
130,Palestine,PS,PSE,ILS  ,Israeli New Shekel,â‚ª,+970,### ### ###,Asia,Western Asia,Middle East,31.768319,35.213710,East Jerusalem,.ps,ğŸ‡µğŸ‡¸,2025-02-13 11:42:17.398897+03,2025-02-13 11:42:17.398897+03
131,Panama,PA,PAN,PAB  ,Panamanian Balboa,B/.,+507,#### ####,North America,Central America,Central America,8.983333,-79.516670,Panama City,.pa,ğŸ‡µğŸ‡¦,2025-02-13 11:42:17.398897+03,2025-02-13 11:42:17.398897+03
132,Papua New Guinea,PG,PNG,PGK  ,Papua New Guinean Kina,K,+675,### ####,Oceania,Melanesia,Pacific Islands,-9.443383,147.180267,Port Moresby,.pg,ğŸ‡µğŸ‡¬,2025-02-13 11:42:17.398897+03,2025-02-13 11:42:17.398897+03
133,Paraguay,PY,PRY,PYG  ,Paraguayan GuaranÃ­,â‚²,+595,### ### ###,South America,South America,Central South America,-25.286840,-57.333591,AsunciÃ³n,.py,ğŸ‡µğŸ‡¾,2025-02-13 11:42:17.398897+03,2025-02-13 11:42:17.398897+03
134,Peru,PE,PER,PEN  ,Peruvian Sol,S/.,+51,### ### ###,South America,South America,Western South America,-12.046374,-77.042793,Lima,.pe,ğŸ‡µğŸ‡ª,2025-02-13 11:42:17.398897+03,2025-02-13 11:42:17.398897+03
135,Philippines,PH,PHL,PHP  ,Philippine Peso,â‚±,+63,### ### ####,Asia,South-Eastern Asia,Maritime Southeast Asia,14.599512,120.984219,Manila,.ph,ğŸ‡µğŸ‡­,2025-02-13 11:42:17.398897+03,2025-02-13 11:42:17.398897+03
136,Poland,PL,POL,PLN  ,Polish ZÅ‚oty,zÅ‚,+48,### ### ###,Europe,Eastern Europe,Central Europe,52.229676,21.012229,Warsaw,.pl,ğŸ‡µğŸ‡±,2025-02-13 11:42:17.398897+03,2025-02-13 11:42:17.398897+03
137,Portugal,PT,PRT,EUR  ,Euro,â‚¬,+351,### ### ###,Europe,Southern Europe,Mediterranean,38.722252,-9.139337,Lisbon,.pt,ğŸ‡µğŸ‡¹,2025-02-13 11:42:17.398897+03,2025-02-13 11:42:17.398897+03
138,Qatar,QA,QAT,QAR  ,Qatari Riyal,Ø±.Ù‚,+974,#### ####,Asia,Western Asia,Middle East,25.285447,51.531040,Doha,.qa,ğŸ‡¶ğŸ‡¦,2025-02-13 11:42:17.398897+03,2025-02-13 11:42:17.398897+03
139,Romania,RO,ROU,RON  ,Romanian Leu,lei,+40,### ### ###,Europe,Eastern Europe,Eastern Europe,44.426767,26.102538,Bucharest,.ro,ğŸ‡·ğŸ‡´,2025-02-13 11:42:17.398897+03,2025-02-13 11:42:17.398897+03
140,Russia,RU,RUS,RUB  ,Russian Ruble,â‚½,+7,### ### ####,Europe,Eastern Europe,Eastern Europe,55.755826,37.617300,Moscow,.ru,ğŸ‡·ğŸ‡º,2025-02-13 11:42:17.398897+03,2025-02-13 11:42:17.398897+03
141,Rwanda,RW,RWA,RWF  ,Rwandan Franc,FRw,+250,### ### ###,Africa,Eastern Africa,East Africa,-1.957875,30.112735,Kigali,.rw,ğŸ‡·ğŸ‡¼,2025-02-13 11:42:17.398897+03,2025-02-13 11:42:17.398897+03
142,Saint Kitts and Nevis,KN,KNA,XCD  ,East Caribbean Dollar,$,+1869,### ####,North America,Caribbean,Lesser Antilles,17.302606,-62.717692,Basseterre,.kn,ğŸ‡°ğŸ‡³,2025-02-13 11:42:17.398897+03,2025-02-13 11:42:17.398897+03
143,Saint Lucia,LC,LCA,XCD  ,East Caribbean Dollar,$,+1758,### ####,North America,Caribbean,Lesser Antilles,14.010109,-60.987469,Castries,.lc,ğŸ‡±ğŸ‡¨,2025-02-13 11:42:17.398897+03,2025-02-13 11:42:17.398897+03
144,Saint Vincent,VC,VCT,XCD  ,East Caribbean Dollar,$,+1784,### ####,North America,Caribbean,Lesser Antilles,13.157778,-61.224915,Kingstown,.vc,ğŸ‡»ğŸ‡¨,2025-02-13 11:42:17.398897+03,2025-02-13 11:42:17.398897+03
145,Samoa,WS,WSM,WST  ,Samoan TÄlÄ,T,+685,#### ####,Oceania,Polynesia,Pacific Islands,-13.850696,-171.751355,Apia,.ws,ğŸ‡¼ğŸ‡¸,2025-02-13 11:42:17.398897+03,2025-02-13 11:42:17.398897+03
146,San Marino,SM,SMR,EUR  ,Euro,â‚¬,+378,#### ######,Europe,Southern Europe,Mediterranean,43.935591,12.447281,San Marino,.sm,ğŸ‡¸ğŸ‡²,2025-02-13 11:42:17.398897+03,2025-02-13 11:42:17.398897+03
147,Sao Tome and Principe,ST,STP,STN  ,SÃ£o TomÃ© and PrÃ­ncipe Dobra,Db,+239,## #####,Africa,Middle Africa,Central Africa,0.330192,6.733343,SÃ£o TomÃ©,.st,ğŸ‡¸ğŸ‡¹,2025-02-13 11:42:17.398897+03,2025-02-13 11:42:17.398897+03
148,Saudi Arabia,SA,SAU,SAR  ,Saudi Riyal,Ø±.Ø³,+966,## ### ####,Asia,Western Asia,Middle East,24.713552,46.675296,Riyadh,.sa,ğŸ‡¸ğŸ‡¦,2025-02-13 11:42:17.398897+03,2025-02-13 11:42:17.398897+03
149,Senegal,SN,SEN,XOF  ,West African CFA Franc,CFA,+221,## ### ## ##,Africa,Western Africa,West Africa,14.764504,-17.366029,Dakar,.sn,ğŸ‡¸ğŸ‡³,2025-02-13 11:42:17.398897+03,2025-02-13 11:42:17.398897+03
150,Serbia,RS,SRB,RSD  ,Serbian Dinar,Ğ´Ğ¸Ğ½.,+381,## ### ####,Europe,Southern Europe,Balkans,44.786568,20.448922,Belgrade,.rs,ğŸ‡·ğŸ‡¸,2025-02-13 11:42:17.398897+03,2025-02-13 11:42:17.398897+03
151,Seychelles,SC,SYC,SCR  ,Seychellois Rupee,â‚¨,+248,# ### ###,Africa,Eastern Africa,East Africa,-4.619143,55.451315,Victoria,.sc,ğŸ‡¸ğŸ‡¨,2025-02-13 11:42:17.398897+03,2025-02-13 11:42:17.398897+03
152,Sierra Leone,SL,SLE,SLL  ,Sierra Leonean Leone,Le,+232,## ### ###,Africa,Western Africa,West Africa,8.465677,-13.231722,Freetown,.sl,ğŸ‡¸ğŸ‡±,2025-02-13 11:42:17.398897+03,2025-02-13 11:42:17.398897+03
153,Singapore,SG,SGP,SGD  ,Singapore Dollar,$,+65,#### ####,Asia,South-Eastern Asia,Maritime Southeast Asia,1.352083,103.819836,Singapore,.sg,ğŸ‡¸ğŸ‡¬,2025-02-13 11:42:17.398897+03,2025-02-13 11:42:17.398897+03
154,Slovakia,SK,SVK,EUR  ,Euro,â‚¬,+421,### ### ###,Europe,Eastern Europe,Central Europe,48.148596,17.107748,Bratislava,.sk,ğŸ‡¸ğŸ‡°,2025-02-13 11:42:17.398897+03,2025-02-13 11:42:17.398897+03
155,Slovenia,SI,SVN,EUR  ,Euro,â‚¬,+386,## ### ###,Europe,Southern Europe,Central Europe,46.056947,14.505751,Ljubljana,.si,ğŸ‡¸ğŸ‡®,2025-02-13 11:42:17.398897+03,2025-02-13 11:42:17.398897+03
156,Solomon Islands,SB,SLB,SBD  ,Solomon Islands Dollar,$,+677,### ####,Oceania,Melanesia,Pacific Islands,-9.445638,159.972824,Honiara,.sb,ğŸ‡¸ğŸ‡§,2025-02-13 11:42:17.398897+03,2025-02-13 11:42:17.398897+03
157,Somalia,SO,SOM,SOS  ,Somali Shilling,Sh,+252,## ### ###,Africa,Eastern Africa,Horn of Africa,2.046934,45.318162,Mogadishu,.so,ğŸ‡¸ğŸ‡´,2025-02-13 11:42:17.398897+03,2025-02-13 11:42:17.398897+03
158,South Africa,ZA,ZAF,ZAR  ,South African Rand,R,+27,## ### ####,Africa,Southern Africa,Southern Africa,-25.747868,28.229271,Pretoria,.za,ğŸ‡¿ğŸ‡¦,2025-02-13 11:42:17.398897+03,2025-02-13 11:42:17.398897+03
159,South Korea,KR,KOR,KRW  ,South Korean Won,â‚©,+82,## #### ####,Asia,Eastern Asia,East Asia,37.566535,126.977969,Seoul,.kr,ğŸ‡°ğŸ‡·,2025-02-13 11:42:17.398897+03,2025-02-13 11:42:17.398897+03
160,South Sudan,SS,SSD,SSP  ,South Sudanese Pound,Â£,+211,## ### ####,Africa,Eastern Africa,East Africa,4.859363,31.571251,Juba,.ss,ğŸ‡¸ğŸ‡¸,2025-02-13 11:42:17.398897+03,2025-02-13 11:42:17.398897+03
161,Spain,ES,ESP,EUR  ,Euro,â‚¬,+34,### ### ###,Europe,Southern Europe,Mediterranean,40.416775,-3.703790,Madrid,.es,ğŸ‡ªğŸ‡¸,2025-02-13 11:42:17.398897+03,2025-02-13 11:42:17.398897+03
162,Sri Lanka,LK,LKA,LKR  ,Sri Lankan Rupee,Rs,+94,## ### ####,Asia,Southern Asia,South Asia,6.927079,79.861244,Colombo,.lk,ğŸ‡±ğŸ‡°,2025-02-13 11:42:17.398897+03,2025-02-13 11:42:17.398897+03
163,Sudan,SD,SDN,SDG  ,Sudanese Pound,Ø¬.Ø³.,+249,## ### ####,Africa,Northern Africa,North Africa,15.500654,32.559899,Khartoum,.sd,ğŸ‡¸ğŸ‡©,2025-02-13 11:42:17.398897+03,2025-02-13 11:42:17.398897+03
164,Suriname,SR,SUR,SRD  ,Surinamese Dollar,$,+597,### ###,South America,South America,Northern South America,5.852036,-55.203828,Paramaribo,.sr,ğŸ‡¸ğŸ‡·,2025-02-13 11:42:17.398897+03,2025-02-13 11:42:17.398897+03
165,Sweden,SE,SWE,SEK  ,Swedish Krona,kr,+46,## ### ####,Europe,Northern Europe,Nordic Countries,59.329323,18.068581,Stockholm,.se,ğŸ‡¸ğŸ‡ª,2025-02-13 11:42:17.398897+03,2025-02-13 11:42:17.398897+03
166,Switzerland,CH,CHE,CHF  ,Swiss Franc,Fr.,+41,## ### ####,Europe,Western Europe,Central Europe,46.947456,7.447285,Bern,.ch,ğŸ‡¨ğŸ‡­,2025-02-13 11:42:17.398897+03,2025-02-13 11:42:17.398897+03
167,Syria,SY,SYR,SYP  ,Syrian Pound,Â£S,+963,## ### ####,Asia,Western Asia,Middle East,33.513807,36.276528,Damascus,.sy,ğŸ‡¸ğŸ‡¾,2025-02-13 11:42:17.398897+03,2025-02-13 11:42:17.398897+03
168,Taiwan,TW,TWN,TWD  ,New Taiwan Dollar,NT$,+886,### ### ###,Asia,Eastern Asia,East Asia,25.032969,121.565418,Taipei,.tw,ğŸ‡¹ğŸ‡¼,2025-02-13 11:42:17.398897+03,2025-02-13 11:42:17.398897+03
169,Tajikistan,TJ,TJK,TJS  ,Tajikistani Somoni,Ğ…Ğœ,+992,### ## ####,Asia,Central Asia,Central Asia,38.559772,68.787038,Dushanbe,.tj,ğŸ‡¹ğŸ‡¯,2025-02-13 11:42:17.398897+03,2025-02-13 11:42:17.398897+03
170,Tanzania,TZ,TZA,TZS  ,Tanzanian Shilling,TSh,+255,### ### ###,Africa,Eastern Africa,East Africa,-6.792354,39.208328,Dodoma,.tz,ğŸ‡¹ğŸ‡¿,2025-02-13 11:42:17.398897+03,2025-02-13 11:42:17.398897+03
171,Thailand,TH,THA,THB  ,Thai Baht,à¸¿,+66,## ### ####,Asia,South-Eastern Asia,Mainland Southeast Asia,13.756331,100.501765,Bangkok,.th,ğŸ‡¹ğŸ‡­,2025-02-13 11:42:17.398897+03,2025-02-13 11:42:17.398897+03
172,Timor-Leste,TL,TLS,USD  ,United States Dollar,$,+670,### ####,Asia,South-Eastern Asia,Maritime Southeast Asia,-8.556856,125.560314,Dili,.tl,ğŸ‡¹ğŸ‡±,2025-02-13 11:42:17.398897+03,2025-02-13 11:42:17.398897+03
173,Togo,TG,TGO,XOF  ,West African CFA Franc,CFA,+228,## ### ###,Africa,Western Africa,West Africa,6.137219,1.222186,LomÃ©,.tg,ğŸ‡¹ğŸ‡¬,2025-02-13 11:42:17.398897+03,2025-02-13 11:42:17.398897+03
174,Tonga,TO,TON,TOP  ,Tongan PaÊ»anga,T$,+676,### ####,Oceania,Polynesia,Pacific Islands,-21.139342,-175.204947,NukuÊ»alofa,.to,ğŸ‡¹ğŸ‡´,2025-02-13 11:42:17.398897+03,2025-02-13 11:42:17.398897+03
175,Trinidad and Tobago,TT,TTO,TTD  ,Trinidad and Tobago Dollar,$,+1868,### ####,North America,Caribbean,Lesser Antilles,10.654901,-61.501926,Port of Spain,.tt,ğŸ‡¹ğŸ‡¹,2025-02-13 11:42:17.398897+03,2025-02-13 11:42:17.398897+03
176,Tunisia,TN,TUN,TND  ,Tunisian Dinar,Ø¯.Øª,+216,## ### ###,Africa,Northern Africa,Maghreb,36.806495,10.181532,Tunis,.tn,ğŸ‡¹ğŸ‡³,2025-02-13 11:42:17.398897+03,2025-02-13 11:42:17.398897+03
177,Turkey,TR,TUR,TRY  ,Turkish Lira,â‚º,+90,### ### ####,Asia,Western Asia,Middle East,39.933364,32.859742,Ankara,.tr,ğŸ‡¹ğŸ‡·,2025-02-13 11:42:17.398897+03,2025-02-13 11:42:17.398897+03
178,Turkmenistan,TM,TKM,TMT  ,Turkmenistan Manat,m,+993,## ######,Asia,Central Asia,Central Asia,37.960077,58.326063,Ashgabat,.tm,ğŸ‡¹ğŸ‡²,2025-02-13 11:42:17.398897+03,2025-02-13 11:42:17.398897+03
179,Tuvalu,TV,TUV,AUD  ,Australian Dollar,$,+688,### ####,Oceania,Polynesia,Pacific Islands,-8.520066,179.198128,Funafuti,.tv,ğŸ‡¹ğŸ‡»,2025-02-13 11:42:17.398897+03,2025-02-13 11:42:17.398897+03
180,Uganda,UG,UGA,UGX  ,Ugandan Shilling,USh,+256,### ### ###,Africa,Eastern Africa,East Africa,0.347596,32.582520,Kampala,.ug,ğŸ‡ºğŸ‡¬,2025-02-13 11:42:17.398897+03,2025-02-13 11:42:17.398897+03
181,Ukraine,UA,UKR,UAH  ,Ukrainian Hryvnia,â‚´,+380,## ### ####,Europe,Eastern Europe,Eastern Europe,50.450100,30.523400,Kyiv,.ua,ğŸ‡ºğŸ‡¦,2025-02-13 11:42:17.398897+03,2025-02-13 11:42:17.398897+03
182,United Arab Emirates,AE,ARE,AED  ,UAE Dirham,Ø¯.Ø¥,+971,## ### ####,Asia,Western Asia,Middle East,24.299174,54.697277,Abu Dhabi,.ae,ğŸ‡¦ğŸ‡ª,2025-02-13 11:42:17.398897+03,2025-02-13 11:42:17.398897+03
183,United Kingdom,GB,GBR,GBP  ,British Pound,Â£,+44,### ### ####,Europe,Northern Europe,British Isles,51.507351,-0.127758,London,.uk,ğŸ‡¬ğŸ‡§,2025-02-13 11:42:17.398897+03,2025-02-13 11:42:17.398897+03
184,United States,US,USA,USD  ,United States Dollar,$,+1,### ### ####,North America,Northern America,North America,38.907192,-77.036871,"Washington, D.C.",.us,ğŸ‡ºğŸ‡¸,2025-02-13 11:42:17.398897+03,2025-02-13 11:42:17.398897+03
185,Uruguay,UY,URY,UYU  ,Uruguayan Peso,$U,+598,# ### ####,South America,South America,Southern Cone,-34.901113,-56.164531,Montevideo,.uy,ğŸ‡ºğŸ‡¾,2025-02-13 11:42:17.398897+03,2025-02-13 11:42:17.398897+03
186,Uzbekistan,UZ,UZB,UZS  ,Uzbekistani Som,so'm,+998,## ### ####,Asia,Central Asia,Central Asia,41.299496,69.240073,Tashkent,.uz,ğŸ‡ºğŸ‡¿,2025-02-13 11:42:17.398897+03,2025-02-13 11:42:17.398897+03
187,Vanuatu,VU,VUT,VUV  ,Vanuatu Vatu,VT,+678,### ####,Oceania,Melanesia,Pacific Islands,-17.733251,168.327325,Port Vila,.vu,ğŸ‡»ğŸ‡º,2025-02-13 11:42:17.398897+03,2025-02-13 11:42:17.398897+03
188,Vatican City,VA,VAT,EUR  ,Euro,â‚¬,+379,## ### ####,Europe,Southern Europe,Mediterranean,41.902916,12.453389,Vatican City,.va,ğŸ‡»ğŸ‡¦,2025-02-13 11:42:17.398897+03,2025-02-13 11:42:17.398897+03
189,Venezuela,VE,VEN,VES  ,Venezuelan BolÃ­var Soberano,Bs.,+58,### ### ####,South America,South America,Northern South America,10.480594,-66.903606,Caracas,.ve,ğŸ‡»ğŸ‡ª,2025-02-13 11:42:17.398897+03,2025-02-13 11:42:17.398897+03
190,Vietnam,VN,VNM,VND  ,Vietnamese Äá»“ng,â‚«,+84,### ### ###,Asia,South-Eastern Asia,Mainland Southeast Asia,21.027764,105.834160,Hanoi,.vn,ğŸ‡»ğŸ‡³,2025-02-13 11:42:17.398897+03,2025-02-13 11:42:17.398897+03
191,Yemen,YE,YEM,YER  ,Yemeni Rial,ï·¼,+967,### ### ###,Asia,Western Asia,Middle East,15.369445,44.191007,Sanaa,.ye,ğŸ‡¾ğŸ‡ª,2025-02-13 11:42:17.398897+03,2025-02-13 11:42:17.398897+03
192,Zambia,ZM,ZMB,ZMW  ,Zambian Kwacha,ZK,+260,## ### ####,Africa,Eastern Africa,East Africa,-15.387526,28.322817,Lusaka,.zm,ğŸ‡¿ğŸ‡²,2025-02-13 11:42:17.398897+03,2025-02-13 11:42:17.398897+03
193,Zimbabwe,ZW,ZWE,USD  ,United States Dollar,$,+263,## ### ####,Africa,Eastern Africa,East Africa,-17.825166,31.033510,Harare,.zw,ğŸ‡¿ğŸ‡¼,2025-02-13 11:42:17.398897+03,2025-02-13 11:42:17.398897+03
194,Kosovo,XK,XKX,EUR  ,Euro,â‚¬,+383,## ### ###,Europe,Southern Europe,Balkans,42.662914,21.165503,Pristina,.xk,ğŸ‡½ğŸ‡°,2025-02-13 11:42:17.398897+03,2025-02-13 11:42:17.398897+03
195,Transnistria,TS,TRA,PRB  ,Transnistrian Ruble,Ñ€.,+373,### ### ###,Europe,Eastern Europe,Eastern Europe,46.848185,29.596805,Tiraspol,.md,ğŸ‡²ğŸ‡©,2025-02-13 11:42:17.398897+03,2025-02-13 11:42:17.398897+03
196,Somaliland,XS,SOL,SLSH ,Somaliland Shilling,Sl,+252,## ### ###,Africa,Eastern Africa,Horn of Africa,9.562389,44.077011,Hargeisa,.so,ğŸ‡¸ğŸ‡´,2025-02-13 11:42:17.398897+03,2025-02-13 11:42:17.398897+03
197,South Ossetia,OS,OST,RUB  ,Russian Ruble,â‚½,+995,### ### ###,Asia,Western Asia,Caucasus,42.226540,43.968994,Tskhinvali,.ge,ğŸ‡¬ğŸ‡ª,2025-02-13 11:42:17.398897+03,2025-02-13 11:42:17.398897+03
198,Abkhazia,AB,ABK,RUB  ,Russian Ruble,â‚½,+995,### ### ###,Asia,Western Asia,Caucasus,43.002708,41.023010,Sukhumi,.ge,ğŸ‡¬ğŸ‡ª,2025-02-13 11:42:17.398897+03,2025-02-13 11:42:17.398897+03
199,Northern Cyprus,CT,NCY,TRY  ,Turkish Lira,â‚º,+90,### ### ####,Asia,Western Asia,Mediterranean,35.185566,33.382275,North Nicosia,.tr,ğŸ‡¹ğŸ‡·,2025-02-13 11:42:17.398897+03,2025-02-13 11:42:17.398897+03
200,Nagorno-Karabakh,NK,NKR,AMD  ,Armenian Dram,Ö,+374,## ### ###,Asia,Western Asia,Caucasus,39.826385,46.763595,Stepanakert,.am,ğŸ‡¦ğŸ‡²,2025-02-13 11:42:17.398897+03,2025-02-13 11:42:17.398897+03
201,American Samoa,AS,ASM,USD  ,United States Dollar,$,+1684,### ####,Oceania,Polynesia,Pacific Islands,-14.275632,-170.702036,Pago Pago,.as,ğŸ‡¦ğŸ‡¸,2025-02-13 11:42:17.398897+03,2025-02-13 11:42:17.398897+03
202,Anguilla,AI,AIA,XCD  ,East Caribbean Dollar,$,+1264,### ####,North America,Caribbean,Lesser Antilles,18.220554,-63.068615,The Valley,.ai,ğŸ‡¦ğŸ‡®,2025-02-13 11:42:17.398897+03,2025-02-13 11:42:17.398897+03
203,Aruba,AW,ABW,AWG  ,Aruban Florin,Æ’,+297,### ####,North America,Caribbean,Lesser Antilles,12.521110,-70.036209,Oranjestad,.aw,ğŸ‡¦ğŸ‡¼,2025-02-13 11:42:17.398897+03,2025-02-13 11:42:17.398897+03
204,Bermuda,BM,BMU,BMD  ,Bermudian Dollar,$,+1441,### ####,North America,Caribbean,British Overseas Territory,32.321384,-64.757370,Hamilton,.bm,ğŸ‡§ğŸ‡²,2025-02-13 11:42:17.398897+03,2025-02-13 11:42:17.398897+03
205,Bouvet Island,BV,BVT,NOK  ,Norwegian Krone,kr,+47,,Antarctica,Subantarctic,Southern Ocean,-54.423199,3.413194,No permanent population,.bv,ğŸ‡§ğŸ‡»,2025-02-13 11:42:17.398897+03,2025-02-13 11:42:17.398897+03
206,British Indian Ocean Territory,IO,IOT,USD  ,United States Dollar,$,+246,### ####,Asia,Southern Asia,British Overseas Territory,-7.313267,72.424154,Diego Garcia,.io,ğŸ‡®ğŸ‡´,2025-02-13 11:42:17.398897+03,2025-02-13 11:42:17.398897+03
207,British Virgin Islands,VG,VGB,USD  ,United States Dollar,$,+1284,### ####,North America,Caribbean,Lesser Antilles,18.426929,-64.620789,Road Town,.vg,ğŸ‡»ğŸ‡¬,2025-02-13 11:42:17.398897+03,2025-02-13 11:42:17.398897+03
208,Cayman Islands,KY,CYM,KYD  ,Cayman Islands Dollar,$,+1345,### ####,North America,Caribbean,Greater Antilles,19.286932,-81.367439,George Town,.ky,ğŸ‡°ğŸ‡¾,2025-02-13 11:42:17.398897+03,2025-02-13 11:42:17.398897+03
209,Christmas Island,CX,CXR,AUD  ,Australian Dollar,$,+61,#### ####,Asia,South-Eastern Asia,Australian Territory,-10.447525,105.690449,Flying Fish Cove,.cx,ğŸ‡¨ğŸ‡½,2025-02-13 11:42:17.398897+03,2025-02-13 11:42:17.398897+03
210,Cocos Islands,CC,CCK,AUD  ,Australian Dollar,$,+61,#### ####,Asia,South-Eastern Asia,Australian Territory,-12.164165,96.870956,West Island,.cc,ğŸ‡¨ğŸ‡¨,2025-02-13 11:42:17.398897+03,2025-02-13 11:42:17.398897+03
211,Cook Islands,CK,COK,NZD  ,New Zealand Dollar,$,+682,## ###,Oceania,Polynesia,Pacific Islands,-21.236736,-159.777671,Avarua,.ck,ğŸ‡¨ğŸ‡°,2025-02-13 11:42:17.398897+03,2025-02-13 11:42:17.398897+03
212,Curacao,CW,CUW,ANG  ,Netherlands Antillean Guilder,Æ’,+599,### ####,North America,Caribbean,Lesser Antilles,12.169570,-68.990021,Willemstad,.cw,ğŸ‡¨ğŸ‡¼,2025-02-13 11:42:17.398897+03,2025-02-13 11:42:17.398897+03
213,Falkland Islands,FK,FLK,FKP  ,Falkland Islands Pound,Â£,+500,## ###,South America,South America,British Overseas Territory,-51.796253,-58.464050,Stanley,.fk,ğŸ‡«ğŸ‡°,2025-02-13 11:42:17.398897+03,2025-02-13 11:42:17.398897+03
214,Faroe Islands,FO,FRO,DKK  ,Danish Krone,kr,+298,### ###,Europe,Northern Europe,Danish Territory,62.007864,-6.790982,TÃ³rshavn,.fo,ğŸ‡«ğŸ‡´,2025-02-13 11:42:17.398897+03,2025-02-13 11:42:17.398897+03
215,French Guiana,GF,GUF,EUR  ,Euro,â‚¬,+594,### ## ## ##,South America,South America,French Territory,4.922482,-52.313453,Cayenne,.gf,ğŸ‡¬ğŸ‡«,2025-02-13 11:42:17.398897+03,2025-02-13 11:42:17.398897+03
216,French Polynesia,PF,PYF,XPF  ,CFP Franc,â‚£,+689,## ## ##,Oceania,Polynesia,French Territory,-17.679742,-149.406843,Papeete,.pf,ğŸ‡µğŸ‡«,2025-02-13 11:42:17.398897+03,2025-02-13 11:42:17.398897+03
217,French Southern Territories,TF,ATF,EUR  ,Euro,â‚¬,+262,,Antarctica,Subantarctic,French Territory,-49.280366,69.348557,Port-aux-FranÃ§ais,.tf,ğŸ‡¹ğŸ‡«,2025-02-13 11:42:17.398897+03,2025-02-13 11:42:17.398897+03
218,Gibraltar,GI,GIB,GIP  ,Gibraltar Pound,Â£,+350,### #####,Europe,Southern Europe,British Overseas Territory,36.140773,-5.353599,Gibraltar,.gi,ğŸ‡¬ğŸ‡®,2025-02-13 11:42:17.398897+03,2025-02-13 11:42:17.398897+03
219,Greenland,GL,GRL,DKK  ,Danish Krone,kr,+299,### ###,North America,Northern America,Danish Territory,64.182313,-51.694138,Nuuk,.gl,ğŸ‡¬ğŸ‡±,2025-02-13 11:42:17.398897+03,2025-02-13 11:42:17.398897+03
220,Guadeloupe,GP,GLP,EUR  ,Euro,â‚¬,+590,### ## ## ##,North America,Caribbean,French Territory,16.265000,-61.551000,Basse-Terre,.gp,ğŸ‡¬ğŸ‡µ,2025-02-13 11:42:17.398897+03,2025-02-13 11:42:17.398897+03
221,Guam,GU,GUM,USD  ,United States Dollar,$,+1671,### ####,Oceania,Micronesia,US Territory,13.444304,144.793731,HagÃ¥tÃ±a,.gu,ğŸ‡¬ğŸ‡º,2025-02-13 11:42:17.398897+03,2025-02-13 11:42:17.398897+03
222,Hong Kong,HK,HKG,HKD  ,Hong Kong Dollar,HK$,+852,#### ####,Asia,Eastern Asia,Chinese SAR,22.396428,114.109497,Hong Kong,.hk,ğŸ‡­ğŸ‡°,2025-02-13 11:42:17.398897+03,2025-02-13 11:42:17.398897+03
223,Macao,MO,MAC,MOP  ,Macanese Pataca,MOP$,+853,#### ####,Asia,Eastern Asia,Chinese SAR,22.198745,113.543873,Macau,.mo,ğŸ‡²ğŸ‡´,2025-02-13 11:42:17.398897+03,2025-02-13 11:42:17.398897+03
224,Martinique,MQ,MTQ,EUR  ,Euro,â‚¬,+596,### ## ## ##,North America,Caribbean,French Territory,14.641528,-61.024174,Fort-de-France,.mq,ğŸ‡²ğŸ‡¶,2025-02-13 11:42:17.398897+03,2025-02-13 11:42:17.398897+03
225,Mayotte,YT,MYT,EUR  ,Euro,â‚¬,+262,### ## ## ##,Africa,Eastern Africa,French Territory,-12.780949,45.227872,Mamoudzou,.yt,ğŸ‡¾ğŸ‡¹,2025-02-13 11:42:17.398897+03,2025-02-13 11:42:17.398897+03
226,Montserrat,MS,MSR,XCD  ,East Caribbean Dollar,$,+1664,### ####,North America,Caribbean,British Overseas Territory,16.742498,-62.187366,Plymouth,.ms,ğŸ‡²ğŸ‡¸,2025-02-13 11:42:17.398897+03,2025-02-13 11:42:17.398897+03
227,New Caledonia,NC,NCL,XPF  ,CFP Franc,â‚£,+687,## ## ##,Oceania,Melanesia,French Territory,-22.276095,166.458207,NoumÃ©a,.nc,ğŸ‡³ğŸ‡¨,2025-02-13 11:42:17.398897+03,2025-02-13 11:42:17.398897+03
228,Niue,NU,NIU,NZD  ,New Zealand Dollar,$,+683,####,Oceania,Polynesia,New Zealand Territory,-19.054445,-169.867233,Alofi,.nu,ğŸ‡³ğŸ‡º,2025-02-13 11:42:17.398897+03,2025-02-13 11:42:17.398897+03
229,Norfolk Island,NF,NFK,AUD  ,Australian Dollar,$,+672,### ###,Oceania,Australia,Australian Territory,-29.040835,167.954712,Kingston,.nf,ğŸ‡³ğŸ‡«,2025-02-13 11:42:17.398897+03,2025-02-13 11:42:17.398897+03
230,Northern Mariana Islands,MP,MNP,USD  ,United States Dollar,$,+1670,### ####,Oceania,Micronesia,US Territory,15.211900,145.750967,Saipan,.mp,ğŸ‡²ğŸ‡µ,2025-02-13 11:42:17.398897+03,2025-02-13 11:42:17.398897+03
231,Pitcairn,PN,PCN,NZD  ,New Zealand Dollar,$,+64,,Oceania,Polynesia,British Overseas Territory,-25.066667,-130.100000,Adamstown,.pn,ğŸ‡µğŸ‡³,2025-02-13 11:42:17.398897+03,2025-02-13 11:42:17.398897+03
232,Puerto Rico,PR,PRI,USD  ,United States Dollar,$,+1787,### ### ####,North America,Caribbean,US Territory,18.200178,-66.664513,San Juan,.pr,ğŸ‡µğŸ‡·,2025-02-13 11:42:17.398897+03,2025-02-13 11:42:17.398897+03
233,Reunion,RE,REU,EUR  ,Euro,â‚¬,+262,### ## ## ##,Africa,Eastern Africa,French Territory,-21.115141,55.536384,Saint-Denis,.re,ğŸ‡·ğŸ‡ª,2025-02-13 11:42:17.398897+03,2025-02-13 11:42:17.398897+03
234,Saint Barthelemy,BL,BLM,EUR  ,Euro,â‚¬,+590,### ## ## ##,North America,Caribbean,French Territory,17.896179,-62.849781,Gustavia,.bl,ğŸ‡§ğŸ‡±,2025-02-13 11:42:17.398897+03,2025-02-13 11:42:17.398897+03
235,Saint Helena,SH,SHN,SHP  ,Saint Helena Pound,Â£,+290,####,Africa,Western Africa,British Overseas Territory,-15.965000,-5.708890,Jamestown,.sh,ğŸ‡¸ğŸ‡­,2025-02-13 11:42:17.398897+03,2025-02-13 11:42:17.398897+03
236,Saint Martin,MF,MAF,EUR  ,Euro,â‚¬,+590,### ## ## ##,North America,Caribbean,French Territory,18.069430,-63.078220,Marigot,.mf,ğŸ‡²ğŸ‡«,2025-02-13 11:42:17.398897+03,2025-02-13 11:42:17.398897+03
237,Saint Pierre and Miquelon,PM,SPM,EUR  ,Euro,â‚¬,+508,## ## ##,North America,Northern America,French Territory,46.941936,-56.267242,Saint-Pierre,.pm,ğŸ‡µğŸ‡²,2025-02-13 11:42:17.398897+03,2025-02-13 11:42:17.398897+03
238,Sint Maarten,SX,SXM,ANG  ,Netherlands Antillean Guilder,Æ’,+1721,### ####,North America,Caribbean,Dutch Territory,18.042350,-63.054840,Philipsburg,.sx,ğŸ‡¸ğŸ‡½,2025-02-13 11:42:17.398897+03,2025-02-13 11:42:17.398897+03
239,Tokelau,TK,TKL,NZD  ,New Zealand Dollar,$,+690,####,Oceania,Polynesia,New Zealand Territory,-9.200000,-171.850000,Fakaofo,.tk,ğŸ‡¹ğŸ‡°,2025-02-13 11:42:17.398897+03,2025-02-13 11:42:17.398897+03
240,U.S. Virgin Islands,VI,VIR,USD  ,United States Dollar,$,+1340,### ####,North America,Caribbean,US Territory,18.335765,-64.896335,Charlotte Amalie,.vi,ğŸ‡»ğŸ‡®,2025-02-13 11:42:17.398897+03,2025-02-13 11:42:17.398897+03
